1481299123.25,0.042411,0.041843,0.010074,-0.002084,-0.009444,0.000827,0.013503,-0.014231,-0.015409,0.011337,0.000893,-0.009303,
1481299123.50,0.048769,0.037979,0.003294,-0.001728,0.002766,0.002079,-0.013618,-0.007487,0.012404,0.001173,-0.002707,-0.002398,
1481299123.75,0.053519,0.057695,0.016954,0.016963,0.000932,-0.016693,-0.009040,0.001547,0.009171,-0.004589,0.000487,0.004202,
1481299124.00,0.050352,0.050295,0.012595,0.007833,-0.006025,-0.008559,0.002195,-0.009141,-0.003486,0.006506,-0.010007,-0.010733,
1481299124.25,0.052241,0.055444,0.015802,0.010063,-0.009723,-0.011254,-0.000972,-0.006193,0.000071,-0.006302,0.012872,0.012033,
1481299124.50,0.059769,0.049424,0.006595,0.020240,-0.004005,-0.020594,-0.009665,-0.005078,0.008836,-0.006534,-0.002102,0.004551,
1481299124.75,0.053608,0.047839,0.008733,0.010581,0.006598,-0.009612,-0.003130,-0.012795,0.001265,-0.002293,-0.006774,-0.001496,
1481299125.00,0.045844,0.054232,0.018387,-0.006107,0.002611,0.006400,0.015089,-0.007845,-0.016065,-0.013476,-0.010925,0.006024,
1481299125.25,0.050398,0.056076,0.017359,0.008039,0.002963,-0.007576,0.026342,-0.004070,-0.026661,-0.017754,-0.009034,0.010680,
1481299125.50,0.041234,0.049204,0.016822,0.018106,-0.004791,-0.018582,0.010168,-0.009685,-0.011457,-0.005302,-0.001996,0.003544,
1481299125.75,0.047978,0.061095,0.022876,0.013939,-0.015926,-0.015903,-0.008885,-0.010542,0.007283,-0.008658,-0.008177,0.003274,
1481299126.00,0.044968,0.046999,0.012894,0.005733,-0.010484,-0.007059,0.004961,-0.002512,-0.005274,0.016623,0.001369,-0.013608,
1481299126.25,0.046208,0.054083,0.018060,0.012499,-0.026279,-0.015804,0.006617,0.000797,-0.006435,0.000461,0.014167,0.006880,
1481299126.50,0.033042,0.041166,0.014813,0.005096,-0.008141,-0.006123,-0.004465,-0.007509,0.003340,0.011991,0.003414,-0.008571,
1481299126.75,0.055044,0.062686,0.020243,0.013499,-0.005829,-0.014152,-0.017904,-0.008317,0.016529,-0.003235,0.007035,0.006395,
1481299127.00,0.048212,0.079187,0.037760,0.021329,-0.008760,-0.022300,-0.007337,-0.019854,0.004428,-0.007582,-0.005925,0.003498,
1481299127.25,0.054440,0.061379,0.019495,0.007521,-0.005238,-0.008147,-0.004364,-0.017185,0.001863,0.001229,-0.000198,-0.001160,
1481299127.50,0.041338,0.059949,0.025653,-0.001323,-0.000385,0.001260,-0.003547,-0.016671,0.001125,-0.009869,0.000112,0.008559,
1481299127.75,0.034632,0.058364,0.028116,-0.000533,-0.002389,0.000213,-0.011187,-0.000080,0.011061,-0.000422,0.000256,0.000494,
1481299128.00,0.051834,0.047677,0.009594,0.016208,-0.008851,-0.017234,-0.010559,-0.004283,0.009835,0.005481,0.015027,0.003005,
1481299128.25,0.060477,0.037271,-0.003876,0.014686,-0.012416,-0.016189,0.002374,-0.000883,-0.002478,-0.008828,-0.002047,0.006557,
1481299128.50,0.063576,0.069106,0.020826,0.019657,-0.006426,-0.020335,0.009277,0.015339,-0.006947,0.000222,0.028596,0.014521,
1481299128.75,0.048929,0.038264,0.003439,-0.004877,-0.019356,0.002316,-0.002684,-0.022781,-0.000592,-0.004910,-0.007894,0.000187,
1481299129.00,0.065242,0.072152,0.022436,0.036012,0.004021,-0.035163,-0.003978,0.009673,0.005340,-0.000474,-0.010019,-0.004724,
1481299129.25,0.073759,0.055279,0.003661,0.018961,0.003587,-0.018321,0.017354,-0.002534,-0.017543,-0.003862,0.013602,0.010309,
1481299129.50,0.730624,0.018095,-0.341124,1.307654,1.410111,-0.815776,-2.133628,1.240260,2.340545,-0.696724,0.245515,0.727591,
1481299129.75,2.859586,0.512457,0.128476,4.717670,3.693829,-0.765870,-5.464391,3.317722,6.152378,-2.489940,0.436498,2.415061,
1481299130.00,3.645156,0.529483,0.485121,5.992048,4.492916,0.090768,-7.778103,3.505012,8.414013,-3.392128,0.653747,3.329468,
1481299130.25,4.296853,0.622770,0.937914,7.290616,5.065018,0.990536,-8.463675,3.147077,8.968922,-3.809330,0.567839,3.679998,
1481299130.50,4.751407,0.066544,0.851895,8.979496,4.314855,1.167849,-8.378219,1.867533,8.584694,-3.452981,0.711563,3.408942,
1481299130.75,3.932203,0.366481,0.511453,8.896520,3.828331,0.736099,-7.245897,0.555409,7.261987,-2.630557,0.043436,2.385954,
1481299131.00,5.085706,0.323266,1.273247,10.796431,3.050105,1.651624,-7.329741,0.276904,7.317097,-2.963779,0.318911,2.801018,
1481299131.25,4.920652,-0.364470,0.722082,11.497381,0.657532,1.372237,-7.649587,-0.999681,7.581460,-3.301302,0.112208,3.036405,
1481299131.50,5.467823,-0.372850,1.181063,12.169519,-0.827424,1.906874,-8.294178,-2.412348,8.302263,-3.109499,-0.041033,2.801805,
1481299131.75,4.580597,-1.157271,0.027856,10.935490,-3.856115,1.487341,-8.158450,-3.805013,8.379728,-3.593779,0.004558,3.273086,
1481299132.00,4.893088,-0.548984,0.597565,11.332159,-2.262452,1.268185,-7.743796,-3.229018,7.865842,-2.493417,-0.381995,2.103868,
1481299132.25,5.467254,-0.513429,1.111652,12.626673,-0.987762,2.368898,-7.921664,-2.074262,7.899812,-2.976799,-0.244174,2.606502,
1481299132.50,5.808135,-0.846680,1.276273,12.910342,-1.758530,2.721589,-7.467567,-2.033927,7.443758,-2.912975,-0.155537,2.576970,
1481299132.75,8.425937,-2.262698,3.567930,7.191575,-2.522723,-2.371969,-6.587505,-1.433124,6.528839,-2.276684,0.329164,2.175623,
1481299133.00,10.145674,-2.553985,5.283196,2.892530,-1.440006,-2.809810,-5.665285,-0.824571,5.597600,-1.538512,0.333767,1.512440,
1481299133.25,9.696467,-2.048960,4.847382,3.967347,-1.537571,-3.724495,-5.202728,-0.811584,5.135205,-1.434686,0.036695,1.286694,
1481299133.50,9.319771,-2.748509,4.461028,3.676236,-2.257467,-3.020879,-5.500234,-1.044617,5.432441,-1.857065,-0.024696,1.645627,
1481299133.75,9.161456,-2.669536,4.300627,3.700691,-2.174558,-3.098398,-5.484333,-1.118233,5.417430,-1.770841,-0.070419,1.548018,
1481299134.00,8.865363,-1.589028,4.062838,4.123956,-2.248294,-3.299821,-5.399971,-1.206201,5.334763,-1.844842,-0.052623,1.623105,
1481299134.25,8.899663,-1.858570,4.067006,3.712175,-2.183493,-3.099710,-5.277135,-1.004036,5.209054,-1.654318,-0.003578,1.468992,
1481299134.50,8.596854,-1.397181,3.825176,3.379185,-1.755157,-3.115702,-5.375177,-0.758145,5.308364,-1.718059,-0.002349,1.527644,
1481299134.75,8.922470,-1.471560,4.135593,3.627364,-1.782172,-3.305665,-5.106201,-1.157723,5.040031,-2.122338,-0.280159,1.792140,
1481299135.00,8.821886,-1.522463,4.028742,3.592561,-2.030985,-3.121131,-5.234021,-1.300070,5.171423,-2.269249,-0.324269,1.913469,
1481299135.25,8.755359,-1.432765,3.976110,3.558123,-1.821427,-3.226645,-5.268490,-1.105139,5.201416,-2.276327,-0.244308,1.948954,
1481299135.50,8.721418,-1.504370,3.931845,3.536309,-1.928234,-3.144342,-5.225101,-1.213278,5.160103,-2.198925,-0.302203,1.855602,
1481299135.75,8.770913,-1.482537,3.984008,3.580399,-1.925194,-3.180594,-5.257325,-1.202213,5.192060,-2.251163,-0.289771,1.908931,
1481299136.00,8.791827,-1.492546,4.003245,3.564140,-1.901828,-3.182569,-5.249921,-1.189582,5.184375,-2.237385,-0.296929,1.893464,
1481299136.25,8.784228,-1.478342,3.997800,3.548931,-1.886473,-3.180068,-5.243567,-1.191144,5.178057,-2.215577,-0.280257,1.879124,
1481299136.50,8.785365,-1.456522,4.002165,3.549290,-1.889769,-3.178330,-5.260726,-1.201627,5.195447,-2.244691,-0.278180,1.907079,
1481299136.75,8.787189,-1.490941,3.998888,3.528872,-1.912861,-3.148022,-5.270344,-1.214339,5.205359,-2.262403,-0.282075,1.922222,
1481299137.00,8.797455,-1.484086,4.010046,3.538904,-1.896170,-3.166198,-5.249748,-1.208220,5.184624,-2.231776,-0.282494,1.893445,
1481299137.25,9.471934,-1.840035,4.638707,3.352891,-2.029087,-2.937665,-5.100885,-1.159496,5.034750,-2.014273,-0.257409,1.699951,
1481299137.50,10.834676,-2.194660,5.977613,2.421976,-2.214005,-2.058039,-5.274770,-1.062642,5.207163,-1.606701,-0.131651,1.372693,
1481299137.75,7.842291,-1.516249,3.061040,9.548737,-2.037228,-0.511078,-7.149205,-1.992879,7.123005,-3.275369,-0.230687,2.893155,
1481299138.00,5.659208,-0.886459,1.123398,12.653077,-1.625854,2.448915,-7.392873,-1.877525,7.357430,-2.978137,-0.130411,2.646987,
1481299138.25,4.910591,-0.593786,0.588755,11.437237,-0.778900,1.173801,-8.281625,-2.088580,8.259897,-3.535244,-0.777591,2.977940,
1481299138.50,4.249684,-0.598494,0.041122,9.943958,-0.968043,-0.311522,-8.115227,-3.023118,8.201118,-3.169678,-1.346129,2.484532,
1481299138.75,3.947931,-0.501271,-0.126345,9.011554,-0.715623,-1.252515,-7.934429,-2.891217,8.003029,-2.338297,-0.339743,1.972707,
1481299139.00,3.727493,-0.470003,-0.261473,8.609698,-0.441587,-1.646612,-7.941148,-2.891243,8.009693,-2.281083,-0.202844,1.968616,
1481299139.25,3.802765,-0.256649,-0.053564,8.630981,0.679200,-1.380423,-8.091394,-1.786998,8.048748,-2.190563,0.132406,2.015222,
1481299139.50,3.769715,-0.296817,-0.105568,8.611691,0.669556,-1.401901,-8.232663,-1.666933,8.183105,-2.433511,0.050477,2.206186,
1481299139.75,3.834004,-0.282706,-0.051834,8.752333,0.753344,-1.240355,-8.278260,-1.613472,8.226007,-2.496097,0.071251,2.272120,
1481299140.00,3.876106,-0.302345,-0.037421,8.831493,0.713742,-1.180625,-8.253636,-1.635406,8.202469,-2.450806,0.052585,2.222993,
1481299140.25,3.798134,-0.288440,-0.080290,8.731659,0.741043,-1.264109,-8.248008,-1.594953,8.194916,-2.412426,0.046171,2.185023,
1481299140.50,3.801308,-0.272122,-0.066051,8.738103,0.703789,-1.271548,-8.254232,-1.686048,8.205647,-2.412696,-0.049935,2.148296,
1481299140.75,3.861098,-0.286879,-0.036450,8.831614,0.675582,-1.193746,-8.118452,-1.692159,8.070358,-2.156614,-0.308503,1.813780,
1481299141.00,4.010756,-0.300594,0.058060,9.122358,0.644878,-0.929009,-8.585289,-1.702752,8.537184,-2.901117,-0.117808,2.579133,
1481299141.25,4.108917,-0.328130,0.109648,9.388227,0.777732,-0.634520,-8.847212,-1.441599,8.787531,-3.137693,-0.834208,2.579197,
1481299141.50,4.597530,-0.242920,0.534927,10.349020,1.222873,0.420501,-8.784304,-0.975236,8.716089,-3.459134,-0.710151,2.922956,
1481299141.75,4.636181,-0.004714,0.718081,10.389618,2.934469,1.248293,-8.700194,0.618042,8.715488,-3.570489,0.193874,3.317810,
1481299142.00,4.685159,0.320672,0.975436,9.656441,4.749442,1.933923,-8.172678,2.151098,8.440935,-3.408720,0.481043,3.275562,
1481299142.25,4.481162,0.543936,0.996493,8.618010,5.674011,2.108260,-8.098479,3.395216,8.687963,-3.375399,0.836121,3.390190,
1481299142.50,4.075834,0.293737,0.542710,8.374371,4.619202,1.072134,-8.463356,3.370360,9.031670,-3.632305,0.568094,3.516287,
1481299142.75,3.755215,0.252545,0.314846,7.842716,4.419310,0.631981,-9.132068,4.254382,9.946495,-3.819005,0.644998,3.718989,
1481299143.00,3.547999,0.310158,0.247343,7.669816,4.060874,0.233776,-9.560748,5.112953,10.653521,-3.961112,0.892562,3.949002,
1481299143.25,3.184001,0.292795,0.053592,6.859203,4.043293,-0.118857,-9.395525,5.418034,10.614784,-3.816967,0.900334,3.820096,
1481299143.50,2.995319,0.255649,-0.060275,6.459198,3.887607,-0.393584,-9.114385,5.416011,10.351919,-3.672751,0.849100,3.666917,
1481299143.75,3.209341,0.232456,0.011351,6.821836,3.856152,-0.307341,-9.675662,5.467748,10.895746,-4.016077,0.872905,3.991494,
1481299144.00,3.134431,0.020069,-0.211556,6.854151,3.424201,-0.696361,-9.886727,4.950478,10.901741,-4.020489,0.651301,3.907917,
1481299144.25,1.167845,0.126396,-0.372643,3.458953,2.921383,-1.194487,-6.894359,4.628634,7.977625,-2.180323,0.575227,2.196260,
1481299144.50,-0.114228,0.083725,0.134841,-0.049172,0.139922,0.068916,-0.053153,0.187834,0.082141,0.306033,0.095791,-0.209845,
1481299144.75,0.227821,0.049795,-0.083863,-0.170111,0.447412,0.244310,-0.570885,0.010039,0.566870,-0.388047,-0.046253,0.314724,
1481299145.00,-0.089502,-0.069304,-0.002509,0.014541,0.213125,0.018154,-0.517319,0.156541,0.535131,-0.164686,0.071232,0.178419,
1481299145.25,-0.106365,0.035295,0.091173,-0.085710,0.342877,0.140534,-0.144667,0.154860,0.166870,-0.086830,-0.008231,0.070768,
1481299145.50,0.006337,-0.071803,-0.062000,-0.016919,0.086207,0.028832,-0.018873,0.181750,0.047312,-0.051734,0.060721,0.075751,
1481299145.75,-0.036365,0.028672,0.044500,0.027647,0.302145,0.021432,0.068560,-0.023323,-0.071213,0.135900,-0.066384,-0.151072,
1481299146.00,0.013340,-0.039697,-0.040081,0.169275,0.081373,-0.156006,0.053760,0.145836,-0.030379,-0.101888,0.055038,0.115985,
1481299146.25,0.043486,0.021394,-0.007410,0.105906,0.251296,-0.064970,-0.048004,0.113759,0.064788,-0.016793,-0.030303,-0.000983,
1481299146.50,0.063464,0.011190,-0.027136,0.060236,0.165403,-0.034970,-0.117952,0.127250,0.136019,-0.224467,0.038908,0.213788,
1481299146.75,-0.016057,-0.010062,0.001168,0.015496,0.166443,0.009339,-0.266469,0.103461,0.278999,-0.064287,0.001606,0.056270,
1481299147.00,0.005552,0.011178,0.005912,-0.061328,0.242930,0.098080,-0.084904,0.110247,0.100667,-0.143187,-0.012136,0.117637,
1481299147.25,-0.019779,-0.033061,-0.015279,-0.009313,0.143516,0.030119,-0.112283,0.147911,0.133773,-0.015627,0.025272,0.026434,
1481299147.50,0.031425,-0.015495,-0.030817,-0.087924,0.201540,0.117172,0.064208,0.062763,-0.054101,-0.031967,-0.013107,0.020870,
1481299147.75,-0.006782,0.030490,0.028818,0.051845,0.149744,-0.029256,0.034807,0.108437,-0.017829,-0.030485,-0.005921,0.023252,
1481299148.00,0.063096,-0.020761,-0.053272,0.058124,0.155630,-0.034494,0.027170,0.097036,-0.012117,-0.017112,0.030011,0.030152,
1481299148.25,0.046015,0.026232,-0.004853,0.049215,0.206851,-0.017091,-0.020052,0.056666,0.028245,-0.018178,-0.018791,0.006070,
1481299148.50,0.072230,0.012317,-0.031142,0.053261,0.160614,-0.028879,-0.061130,0.116300,0.078156,-0.097863,0.039467,0.104549,
1481299148.75,0.025888,-0.001777,-0.016401,0.032864,0.139536,-0.012162,-0.130543,0.104644,0.144864,-0.073233,0.009470,0.067997,
1481299149.00,0.048942,0.021356,-0.010534,-0.028087,0.195147,0.057098,-0.072813,0.125710,0.091205,-0.072320,-0.004444,0.060137,
1481299149.25,0.028700,0.001906,-0.014996,-0.037251,0.144352,0.057840,-0.079411,0.112460,0.095594,-0.067987,0.016307,0.066952,
1481299149.50,0.046702,0.010384,-0.018307,-0.026491,0.158909,0.049547,-0.004604,0.078905,0.016407,-0.068782,-0.004782,0.056908,
1481299149.75,0.028680,0.018699,-0.001201,-0.022418,0.169032,0.047173,0.030815,0.079551,-0.018485,-0.044763,0.008169,0.042762,
1481299150.00,0.065246,0.014769,-0.025183,-0.015244,0.149734,0.036969,0.021193,0.088322,-0.007598,-0.031224,0.009647,0.031844,
1481299150.25,0.060066,0.035237,-0.005331,0.027262,0.143714,-0.005962,0.004889,0.097449,0.009952,-0.036300,0.013347,0.038113,
1481299150.50,0.059180,0.031129,-0.008234,0.079587,0.139836,-0.058240,-0.014163,0.111833,0.031066,-0.027710,-0.006574,0.020525,
1481299150.75,0.075964,0.014179,-0.031698,0.020144,0.125982,-0.001743,-0.066476,0.109449,0.082341,-0.041652,0.006916,0.039439,
1481299151.00,0.061190,0.016261,-0.021662,0.027083,0.158865,-0.003335,-0.070708,0.122630,0.088630,-0.072578,-0.012915,0.056067,
1481299151.25,0.046162,0.043102,0.008998,0.009282,0.153028,0.013287,-0.068906,0.126596,0.087492,-0.067898,-0.002895,0.057102,
1481299151.50,0.035247,0.022568,-0.001761,-0.016043,0.138309,0.035940,-0.053142,0.110775,0.069385,-0.055481,0.001209,0.048463,
1481299151.75,0.054718,0.013860,-0.019988,-0.020833,0.145273,0.041774,-0.039313,0.100904,0.054156,-0.063996,-0.001297,0.054542,
1481299152.00,0.040952,0.025095,-0.002922,-0.008944,0.144839,0.029966,-0.017021,0.103380,0.032534,-0.044606,0.003931,0.040462,
1481299152.25,0.054105,0.036883,-0.000618,-0.023095,0.145889,0.044106,0.005232,0.107924,0.011288,-0.034442,0.001733,0.030572,
1481299152.50,0.055385,0.038783,0.000235,0.017087,0.140614,0.003589,0.013059,0.105024,0.003094,-0.035532,-0.009924,0.025569,
1481299152.75,0.066624,0.040838,-0.004363,0.005018,0.152420,0.017397,-0.003966,0.106913,0.020208,-0.040011,0.002666,0.035853,
1481299153.00,0.061250,0.038677,-0.003145,0.020212,0.154487,0.002734,-0.021065,0.109587,0.037520,-0.034969,0.008698,0.034587,
1481299153.25,0.047979,0.019764,-0.011301,0.015822,0.154488,0.007067,-0.038196,0.102426,0.053294,-0.063946,-0.000189,0.055062,
1481299153.50,0.018057,0.035336,0.018537,0.012787,0.149600,0.009273,-0.034812,0.117845,0.052420,-0.056184,-0.003860,0.046491,
1481299153.75,0.049843,0.024372,-0.008554,0.014444,0.152275,0.008069,-0.044966,0.119784,0.062757,-0.061322,0.004980,0.055426,
1481299154.00,0.060100,0.025306,-0.013570,-0.014833,0.154887,0.037391,-0.054567,0.115916,0.071614,-0.050296,0.007202,0.047042,
1481299154.25,0.043597,0.038609,0.006733,0.000355,0.144067,0.020661,-0.038667,0.126550,0.057633,-0.055773,-0.006559,0.044763,
1481299154.50,0.079130,0.012960,-0.034484,0.006228,0.133101,0.013122,-0.025983,0.107970,0.042117,-0.051394,0.005062,0.046898,
1481299154.75,0.061394,0.036618,-0.004932,-0.009965,0.151367,0.032019,-0.014557,0.116148,0.032149,-0.045611,-0.007473,0.035520,
1481299155.00,0.061877,0.031654,-0.009315,-0.006578,0.139674,0.026809,-0.010755,0.121004,0.029181,-0.039139,0.011911,0.039825,
1481299155.25,0.069663,0.025844,-0.018498,-0.012696,0.140246,0.032941,-0.017133,0.118725,0.035109,-0.040658,-0.002573,0.033740,
1481299155.50,0.073095,0.016903,-0.027831,0.011673,0.134220,0.007920,-0.030209,0.112185,0.046964,-0.041335,0.005150,0.038264,
1481299155.75,0.072278,0.028876,-0.017450,0.004075,0.136431,0.015775,-0.007159,0.112911,0.024323,-0.053993,-0.001245,0.045928,
1481299156.00,0.063683,0.030402,-0.011367,0.015714,0.150412,0.006515,-0.040324,0.124238,0.058894,-0.063696,0.007050,0.058530,
1481299156.25,0.074262,0.033225,-0.014951,0.010328,0.133926,0.009202,-0.032763,0.126162,0.051743,-0.060392,0.005138,0.054704,
1481299156.50,0.057683,0.023918,-0.013356,0.008872,0.134893,0.010794,-0.028801,0.121178,0.047024,-0.053968,0.005211,0.049195,
1481299156.75,0.066587,0.014423,-0.026224,0.007812,0.132618,0.011480,-0.029787,0.138855,0.050880,-0.054859,-0.017247,0.038547,
1481299157.00,0.055694,0.036859,-0.001531,-0.006930,0.139057,0.027058,-0.019166,0.110177,0.035739,-0.041583,-0.002939,0.034351,
1481299157.25,0.082895,0.023102,-0.028177,0.000935,0.141266,0.019641,-0.007172,0.120390,0.025546,-0.042418,-0.009390,0.031787,
1481299157.50,0.065476,0.023080,-0.018436,-0.002363,0.131835,0.021408,-0.032663,0.120520,0.050730,-0.050984,0.003941,0.045972,
1481299157.75,0.075910,0.023746,-0.023738,0.009816,0.141965,0.010983,-0.012933,0.128418,0.032539,-0.053616,-0.007023,0.042663,
1481299158.00,0.059250,0.018695,-0.018557,0.013149,0.133326,0.006321,-0.019089,0.114978,0.036435,-0.047707,-0.007854,0.037136,
1481299158.25,0.059175,0.027777,-0.011005,-0.005538,0.129348,0.024155,-0.024789,0.110273,0.041306,-0.043332,0.003235,0.039009,
1481299158.50,0.060700,0.026612,-0.012827,0.003300,0.138186,0.016817,-0.018308,0.128904,0.037922,-0.052392,-0.003617,0.043338,
1481299158.75,0.077693,0.038689,-0.012325,0.004255,0.127640,0.014213,-0.018266,0.107730,0.034458,-0.047945,0.013074,0.048013,
1481299159.00,0.059582,0.020104,-0.017579,0.006728,0.136546,0.013173,-0.025350,0.123990,0.044073,-0.057844,-0.001084,0.049336,
1481299159.25,0.058953,0.025060,-0.013127,-0.003632,0.148869,0.025365,-0.022411,0.122579,0.040943,-0.043187,-0.003261,0.035571,
1481299159.50,0.071095,0.018734,-0.025192,0.007339,0.148360,0.014452,-0.044845,0.109783,0.061033,-0.040823,-0.002220,0.034061,
1481299159.75,0.056090,0.032529,-0.005337,0.010731,0.155023,0.012178,-0.050484,0.126556,0.069299,-0.047873,-0.003714,0.039387,
1481299160.00,0.061750,0.020226,-0.018700,-0.009229,0.107863,0.024483,-0.048194,0.123429,0.066533,-0.052705,0.009615,0.050351,
1481299160.25,0.674215,0.018087,-0.318913,1.037644,1.430128,-0.567924,-1.018126,0.744447,1.138447,-0.255641,-0.059959,0.191950,
1481299160.50,2.546544,0.483749,0.009457,4.320531,4.335738,-0.079525,-4.521023,2.592343,5.018582,-2.058621,0.546168,2.074106,
1481299160.75,3.652057,0.374005,0.357201,6.055912,5.004256,0.605718,-6.209014,3.028730,6.765940,-2.579391,0.481555,2.515526,
1481299161.00,4.579844,0.624428,1.122371,7.771353,5.779169,1.833309,-7.989180,3.318657,8.560293,-3.734350,0.675477,3.652900,
1481299161.25,4.629682,0.574490,1.118894,8.420962,5.533309,1.889742,-8.397151,2.827215,8.819422,-3.505886,0.565722,3.398654,
1481299161.50,5.016310,0.198507,1.139444,9.580582,4.882415,1.988638,-8.499857,1.932150,8.716927,-3.537528,0.427567,3.374051,
1481299161.75,4.991724,0.306740,1.191326,10.297626,4.489753,2.177547,-8.452531,0.945639,8.508295,-3.477754,0.358811,3.292353,
1481299162.00,4.656239,0.194510,0.867136,10.652447,3.378033,1.720822,-7.873257,-0.160712,7.827055,-3.080003,0.168895,2.850923,
1481299162.25,4.726828,-0.741481,0.354847,11.426031,1.228137,1.445158,-8.994957,-0.951002,8.926704,-3.665784,0.296048,3.444094,
1481299162.50,4.986031,0.215201,1.127066,11.668425,-0.146267,1.425816,-8.565654,-2.238505,8.555836,-3.595664,-0.257251,3.188407,
1481299162.75,5.053137,-0.680189,0.668098,11.744637,-1.949934,1.602408,-7.528406,-3.058385,7.625552,-3.017282,-0.905239,2.443830,
1481299163.00,5.031145,-0.681112,0.648458,11.940122,-1.865995,1.779501,-7.535891,-2.866240,7.604455,-2.967258,-0.650666,2.467939,
1481299163.25,6.717228,-0.605858,2.210572,12.216984,-0.072840,1.978647,-7.171988,-1.694945,7.125328,-2.605793,-0.325501,2.229079,
1481299163.50,11.144428,-2.035871,6.293976,2.830827,1.302230,-2.135369,-5.992846,-0.931522,5.924594,-1.460782,0.043519,1.313252,
1481299163.75,9.390219,-0.839978,4.710630,4.323344,1.089870,-3.220291,-5.016525,-0.695202,4.950956,-0.534475,0.019425,0.475100,
1481299164.00,9.022974,-1.172568,4.283945,4.178226,-0.931134,-4.189177,-5.031411,-1.417896,4.973295,-0.894151,-0.445603,0.592288,
1481299164.25,8.663740,-0.833982,4.003953,4.084727,-0.314648,-4.067381,-4.867212,-0.605421,4.804030,-1.765431,0.006051,1.574380,
1481299164.50,9.043506,-1.334740,4.276222,4.045668,-0.544777,-4.082376,-4.531214,-0.709257,4.465445,-1.852922,-0.095836,1.613186,
1481299164.75,8.924438,-1.247411,4.173520,3.858927,-0.609045,-3.901995,-4.790792,-0.956979,4.722549,-2.064242,-0.242269,1.752084,
1481299165.00,8.850348,-0.930333,4.163628,3.927932,-0.060205,-3.821406,-4.821179,-0.746047,4.754640,-2.351764,-0.201082,2.035175,
1481299165.25,8.825532,-0.848566,4.157909,3.908076,-0.061498,-3.804364,-4.769013,-0.848429,4.701145,-2.350726,-0.387301,1.967747,
1481299165.50,8.903755,-0.797564,4.245959,3.902218,-0.114977,-3.822598,-4.778028,-0.861868,4.710054,-2.339880,-0.390045,1.956598,
1481299165.75,8.872607,-0.738902,4.229795,3.840554,-0.049485,-3.738647,-4.851333,-0.833209,4.783599,-2.446594,-0.366643,2.065068,
1481299166.00,8.940509,-0.768416,4.288614,3.849233,-0.080042,-3.759781,-4.811985,-0.880019,4.743896,-2.425259,-0.388742,2.037370,
1481299166.25,8.942698,-0.758193,4.293188,3.829250,-0.057683,-3.732097,-4.790795,-0.856800,4.722859,-2.400705,-0.364819,2.022543,
1481299166.50,8.956745,-0.739225,4.311404,3.809039,-0.046148,-3.708877,-4.833127,-0.871339,4.765089,-2.425529,-0.372952,2.043069,
1481299166.75,8.969018,-0.759022,4.318568,3.769207,-0.047195,-3.673383,-4.830747,-0.873305,4.762696,-2.432418,-0.367013,2.051604,
1481299167.00,9.277677,-1.163963,4.536138,3.428924,0.075200,-3.313005,-4.682637,-0.738897,4.616248,-2.239838,-0.337757,1.881109,
1481299167.25,10.985751,-2.087032,6.132974,2.679860,0.095316,-2.604774,-4.922483,-0.695608,4.856926,-1.996652,-0.187722,1.709978,
1481299167.50,8.514856,-2.058314,3.667445,8.343911,0.082390,-1.832141,-6.367272,-1.307044,6.304410,-2.604150,-0.395636,2.203660,
1481299167.75,6.270475,-0.948017,1.672616,13.989470,-1.158246,3.738438,-7.011844,-1.646179,6.962689,-2.902346,-0.203893,2.550148,
1481299168.00,5.612694,-0.736041,1.141638,13.355034,-0.559007,3.091636,-7.469471,-1.674226,7.421240,-3.153883,-0.219231,2.782093,
1481299168.25,5.330576,-0.568227,0.965288,12.453829,0.267824,2.250800,-8.063125,-1.348189,8.000820,-3.324154,-0.076900,2.991066,
1481299168.50,4.623461,-0.549699,0.371938,10.969894,0.756794,0.879750,-8.299726,-1.260983,8.235094,-4.110464,-1.960695,3.303614,
1481299168.75,4.024579,-0.102911,0.209774,9.433933,1.583337,-0.273078,-7.267487,-0.138294,7.223509,-2.895834,-1.431280,2.198475,
1481299169.00,3.861678,-0.450046,-0.153177,9.109647,0.647073,-0.940392,-7.225917,-1.153239,7.159371,-2.716477,-1.980614,1.920629,
1481299169.25,3.872951,-0.380630,-0.095989,9.042744,0.414548,-1.072319,-7.216778,-1.282984,7.152958,-2.480505,-2.062000,1.674947,
1481299169.50,3.897441,-0.352191,-0.058512,9.089986,0.674240,-0.950373,-7.549060,-0.955091,7.480812,-2.804915,-1.745461,2.047223,
1481299169.75,3.927481,-0.369568,-0.049701,9.136501,0.628575,-0.920645,-7.594108,-0.931949,7.525855,-2.786361,-1.727969,2.032140,
1481299170.00,4.000186,-0.382657,-0.006853,9.238246,0.525516,-0.853786,-7.688394,-1.027558,7.620415,-2.840007,-1.664887,2.096615,
1481299170.25,3.965047,-0.286861,0.035536,9.339174,0.342133,-0.803530,-8.029933,-1.085544,7.962431,-3.126927,-1.308883,2.450976,
1481299170.50,4.304390,-0.489917,0.151379,9.745973,0.598069,-0.345331,-8.420900,-1.231279,8.355606,-3.435985,-1.442230,2.725107,
1481299170.75,4.284098,-0.429017,0.174198,10.067460,0.527128,-0.051887,-8.388731,-1.007732,8.320633,-3.625818,-0.786353,3.063066,
1481299171.00,3.469839,-0.256476,-0.264896,9.262003,0.916606,-0.705849,-5.508803,-0.740750,5.442261,-1.333665,-0.951951,0.818348,
1481299171.25,2.082775,-0.342665,-0.892257,7.845717,0.498788,-2.176131,-2.258565,-0.536675,2.199765,-0.239405,-0.334370,0.047821,
1481299171.50,3.060912,-0.492967,-0.692291,3.542668,1.010775,-2.851021,-1.216519,0.202387,1.233446,-0.015910,1.489304,0.890644,
1481299171.75,4.467828,-0.172495,0.480662,-4.251512,-0.058477,4.227381,-1.390450,-1.343024,1.332571,-2.699874,-0.685990,2.201752,
1481299172.00,6.830961,-0.569385,2.329923,-3.822744,-0.382329,3.782764,0.542285,-0.867638,-0.610090,-2.782119,-0.095520,2.475640,
1481299172.25,13.468625,-1.325783,8.667433,-6.886661,-1.000183,6.846207,-1.781867,-0.746699,1.715914,-2.251619,-0.250332,1.923688,
1481299172.50,14.732786,-1.792059,9.890692,-8.066271,-1.455934,8.045160,-2.467978,-0.683291,2.403474,-2.129154,-0.106866,1.863739,
1481299172.75,14.856889,-2.648366,9.995060,-7.756809,-2.088535,7.791694,-2.317617,-0.647843,2.254298,-2.614935,-0.057227,2.333592,
1481299173.00,15.021632,-2.932470,10.166059,-7.565684,-2.060245,7.598482,-2.130082,-0.698117,2.065285,-2.933516,-0.040096,2.637279,
1481299173.25,15.400620,-2.605153,10.538373,-7.880248,-1.794429,7.884949,-1.791456,-0.862698,1.723571,-3.284423,0.049602,2.998072,
1481299173.50,15.233657,-2.526627,10.371068,-8.263359,-1.811842,8.268259,-1.740231,-0.837384,1.672631,-3.459929,0.019317,3.152162,
1481299173.75,15.450964,-2.386609,10.588929,-8.299307,-1.605210,8.287647,-1.597035,-0.692432,1.532633,-3.323900,0.081773,3.046576,
1481299174.00,15.386431,-2.660994,10.524714,-8.249926,-1.931915,8.265963,-1.589498,-0.788896,1.522685,-3.258060,0.069859,2.980643,
1481299174.25,15.392128,-2.837949,10.533663,-8.225372,-2.212471,8.271774,-1.492254,-0.932830,1.424002,-3.222805,0.011181,2.926613,
1481299174.50,15.573376,-2.645937,10.711485,-8.421923,-1.947951,8.438791,-1.672286,-1.073327,1.605121,-2.873236,-0.190992,2.527242,
1481299174.75,15.297394,-2.144213,10.439895,-8.735086,-1.346815,8.706985,-2.277333,-0.905590,2.209149,-2.664343,-0.330647,2.282467,
1481299175.00,15.492132,-1.460426,10.671120,-8.261658,-0.942805,8.219463,-1.597995,-1.237815,1.535259,-2.546224,-0.614811,2.077301,
1481299175.25,14.990226,-0.642182,10.263618,-8.242117,-0.418043,8.199799,-1.903728,-1.728307,1.872816,-1.962954,-0.853986,1.447425,
1481299175.50,14.072948,2.815170,10.347246,-8.309706,1.720445,8.485222,-2.911737,-0.137295,2.878316,-1.247219,-0.116264,1.051180,
1481299175.75,13.700323,6.408166,11.883872,-7.877631,3.955170,8.661520,-2.893286,0.475039,2.932988,-1.039305,0.221056,1.016527,
1481299176.00,12.603503,6.849955,11.301567,-7.410269,4.312076,8.353031,-2.664901,0.411970,2.697589,-0.985278,0.048717,0.888291,
1481299176.25,12.918122,7.397828,11.909990,-7.972806,5.122367,9.197800,-3.085573,0.446695,3.119037,-1.217923,0.122263,1.129611,
1481299176.50,12.747168,6.045253,10.892670,-7.548416,5.236887,8.858795,-2.776114,0.439834,2.811778,-0.949288,-0.010070,0.829367,
1481299176.75,10.137856,5.467366,8.511140,-6.777018,6.853488,8.976234,-2.707549,0.629293,2.774426,-1.063381,0.138148,0.999044,
1481299177.00,9.552216,4.963707,7.732338,-6.243865,7.904975,9.147270,-2.666254,0.670760,2.740917,-0.982886,0.169185,0.942118,
1481299177.25,9.550294,4.902098,7.687909,-6.649976,8.071770,9.578117,-2.917714,0.598010,2.976540,-1.104490,0.076138,1.007248,
1481299177.50,9.523490,4.883722,7.655549,-6.431222,8.094741,9.415451,-2.765599,0.609438,2.828318,-0.990807,0.093169,0.913669,
1481299177.75,9.614977,4.991728,7.797599,-6.537944,8.111427,9.511797,-2.856544,0.631642,2.921770,-1.061387,0.130464,0.993713,
1481299178.00,9.621794,5.055129,7.846923,-6.626915,8.038040,9.538799,-2.839867,0.610655,2.901799,-1.042563,0.116234,0.970385,
1481299178.25,9.975307,5.116482,8.148426,-6.774079,8.222529,9.771070,-2.930466,0.610605,2.991201,-1.098730,0.105741,1.015605,
1481299178.50,9.801434,5.291885,8.143502,-6.251710,7.937242,9.173502,-2.781224,0.694558,2.858375,-1.143649,0.175954,1.087949,
1481299178.75,2.817389,1.569060,1.128301,-2.983142,2.359482,3.496386,-0.860819,0.022846,0.856018,-0.417972,0.208757,0.467203,
1481299179.00,0.084767,-0.170722,-0.188210,0.074870,-0.083992,-0.084784,-0.235968,0.111835,0.250151,-0.275853,-0.010896,0.233706,
1481299179.25,-0.080190,0.085833,0.116542,-0.128966,0.300094,0.174934,-0.121011,-0.083210,0.108509,-0.055910,-0.221468,-0.061602,
1481299179.50,0.073620,-0.165800,-0.177661,-0.197071,0.116492,0.211517,0.005402,0.291266,0.043072,-0.135583,0.141617,0.189629,
1481299179.75,-0.062664,-0.264763,-0.172324,-0.190304,0.022985,0.191700,0.116798,0.095033,-0.100935,-0.047186,-0.004692,0.038296,
1481299180.00,-0.018269,-0.099436,-0.069604,0.009347,0.159720,0.014307,0.068103,0.003366,-0.066909,-0.040837,-0.077538,-0.003989,
1481299180.25,0.062466,-0.131952,-0.143708,0.000368,0.122857,0.017306,0.089791,0.177468,-0.060510,-0.068069,-0.002801,0.057297,
1481299180.50,-0.009697,-0.184819,-0.142812,0.028701,0.041324,-0.022800,0.007901,0.172866,0.019404,-0.027686,0.012862,0.030442,
1481299180.75,0.033255,-0.171401,-0.158146,-0.014678,0.125010,0.032507,-0.026747,0.067585,0.036534,-0.200154,-0.031617,0.157454,
1481299181.00,-0.012509,-0.119909,-0.089449,-0.045578,0.162903,0.069032,-0.056579,0.087389,0.069086,-0.106618,-0.037533,0.073163,
1481299181.25,-0.002191,-0.150882,-0.120404,-0.083717,0.121866,0.100249,-0.081903,0.170332,0.107521,-0.186529,-0.028529,0.147121,
1481299181.50,-0.008133,-0.159947,-0.124025,-0.065504,0.079896,0.075973,-0.051200,0.142078,0.072540,-0.143895,0.016429,0.132631,
1481299181.75,-0.028799,-0.130809,-0.088301,-0.120672,0.144834,0.140316,-0.021781,0.109604,0.038229,-0.128708,-0.060600,0.080850,
1481299182.00,-0.020876,-0.122554,-0.086519,-0.142769,0.141827,0.161682,-0.005476,0.105707,0.021505,-0.090794,-0.016724,0.069908,
1481299182.25,-0.011584,-0.121619,-0.091373,-0.096734,0.095503,0.109159,0.045918,0.150823,-0.021810,-0.063427,-0.005043,0.052147,
1481299182.50,0.036144,-0.133976,-0.129807,-0.057657,0.102595,0.071566,0.052063,0.117641,-0.033367,-0.074253,-0.028101,0.049841,
1481299182.75,0.011723,-0.119057,-0.103279,-0.041396,0.128069,0.059381,0.038020,0.096638,-0.022896,-0.060864,-0.047397,0.028517,
1481299183.25,0.049499,-0.114324,-0.121811,-0.025429,0.118488,0.042122,-0.022860,0.127665,0.042213,-0.114623,-0.010412,0.093734,
1481299183.50,0.038123,-0.107240,-0.109388,-0.045226,0.126403,0.062907,-0.008798,0.107506,0.025073,-0.123487,-0.021630,0.095778,
1481299183.75,0.038885,-0.116391,-0.117238,-0.076169,0.131400,0.094256,-0.030533,0.127709,0.049793,-0.139063,-0.037866,0.101180,
1481299184.00,0.041842,-0.103458,-0.108512,-0.091651,0.123283,0.108308,-0.027298,0.132851,0.047440,-0.124631,-0.038181,0.088481,
1481299184.25,0.042576,-0.106877,-0.111712,-0.109562,0.130989,0.127193,0.010919,0.124099,0.008294,-0.125369,-0.026678,0.094880,
1481299184.50,0.039558,-0.113503,-0.115300,-0.077438,0.114375,0.092901,-0.001904,0.131690,0.022190,-0.079381,-0.039823,0.048381,
1481299184.75,0.037651,-0.113042,-0.113802,-0.098483,0.126952,0.115622,0.016352,0.125381,0.003140,-0.104712,-0.027800,0.076393,
1481299185.00,0.017629,-0.103941,-0.094621,-0.075690,0.140330,0.095175,0.018428,0.123397,0.000768,-0.087784,-0.022716,0.064278,
1481299185.25,0.045853,-0.087456,-0.097874,-0.055400,0.123631,0.072533,-0.000511,0.122006,0.019233,-0.101248,-0.025737,0.074426,
1481299185.50,0.049895,-0.090540,-0.102739,-0.084248,0.120838,0.100616,0.032898,0.124766,-0.013288,-0.093740,-0.035873,0.062820,
